condition,family,value,beta,gamma,alpha,n0,method,run_id,J_ref,J_gap_to_direct,relative_gap_to_direct,pmp_kkt_gap,kkt_mean,u_min,u_max,u_mean,terminal_total_N,terminal_mean_N
baseline,baseline,baseline,0.1,20.0,1.0,10.0,direct reference,direct_n400,386.70613634630905,0.0,0.0,3.592309978721025,0.022985600423672894,0.0,3.0,1.3572879237619122,25.536527884122176,1.2160251373391513
baseline,baseline,baseline,0.1,20.0,1.0,10.0,Transformer,seed_0,386.8716672802422,0.1655309339331552,0.00042805354861221015,0.6072895015406251,0.011933897525110499,1.0626516806228676,2.6713996648865823,1.3639879715444798,26.46117872626921,1.2600561298223434
baseline,baseline,baseline,0.1,20.0,1.0,10.0,Transformer,seed_1,386.76999473446574,0.06385838815668876,0.0001651341474951438,0.4175197902384167,0.009030169186523307,1.0427886751489157,2.722876781106061,1.367153440264981,26.41530926773086,1.2578718698919455
baseline,baseline,baseline,0.1,20.0,1.0,10.0,Transformer,seed_2,386.83623553967595,0.13009919336690245,0.00033642908953064474,0.5298553518428435,0.010072034899497987,1.0622072901150874,2.6859544045633266,1.3661385183315065,26.570542871549705,1.2652639462642716
baseline,baseline,baseline,0.1,20.0,1.0,10.0,Neural-PMP [3],best,387.6329204767537,0.9267841304446733,0.0023966108715034787,22.1510157688144,0.05512012365303669,0.0,3.0,1.3347914388376816,27.750485019432418,1.3214516675920198
baseline,baseline,baseline,0.1,20.0,1.0,10.0,constant u=1.5,constant,400.40271607345244,13.696579727143387,0.03541857353635986,76.55645762115101,0.1176225276801971,1.5,1.5,1.5,40.442006458141925,1.9258098313400918
beta_0p05,beta,0.05,0.05,20.0,1.0,10.0,direct reference,direct_n400,325.457147973552,0.0,0.0,3.7082261301412083,0.02382082458703986,0.0,3.0,1.0198406498984534,28.95434613966332,1.378778387603015
beta_0p05,beta,0.05,0.05,20.0,1.0,10.0,Transformer,seed_0,325.69208358120915,0.23493560765712118,0.0007218634131096492,1.6238443654881336,0.014566212269625772,0.5878126849955099,2.873904519218636,1.026177706073817,30.880629636620675,1.4705061731724132
beta_0p05,beta,0.05,0.05,20.0,1.0,10.0,Transformer,seed_1,325.6993273735484,0.24217939999635973,0.0007441206976226543,1.7478670924950082,0.014845768222578624,0.5997405017524576,2.874709060201873,1.0267641303675092,30.966741708091156,1.4746067480043408
beta_0p05,beta,0.05,0.05,20.0,1.0,10.0,Transformer,seed_2,325.7478569786295,0.2907090050774741,0.0008932328169393821,1.651049033752788,0.014845125676882903,0.5942660649379201,2.854264175395346,1.0267221473464372,30.914743371965944,1.472130636760283
beta_0p05,beta,0.05,0.05,20.0,1.0,10.0,Neural-PMP [3],best,326.0056546481425,0.5485066745904987,0.001685342227097347,17.36063332048865,0.05288240757180008,0.0,3.0,1.0048429932822995,30.309756290861593,1.4433217281362662
beta_0p05,beta,0.05,0.05,20.0,1.0,10.0,constant u=1.5,constant,370.4223612657972,44.96521329224515,0.1381601650853865,178.11619870272304,0.2033784082593834,1.5,1.5,1.5,40.442006458141925,1.9258098313400918
beta_0p20,beta,0.20,0.2,20.0,1.0,10.0,direct reference,direct_n400,444.8604960963384,0.0,0.0,4.199132037113657,0.02182265900336712,0.0,3.0,1.6872363693172943,24.335211145691208,1.158819578366248
beta_0p20,beta,0.20,0.2,20.0,1.0,10.0,Transformer,seed_0,444.91826492519306,0.05776882885464829,0.0001298583024601443,0.1290202898789053,0.005605939446560206,1.4185388051714096,2.859927467294659,1.6968093228225165,23.118050266849853,1.1008595365166596
beta_0p20,beta,0.20,0.2,20.0,1.0,10.0,Transformer,seed_1,444.9221739581564,0.06167786181799784,0.00013864540088234946,0.1566664928786057,0.0062780123714804535,1.4224414395039675,2.8567442552232087,1.6958957945082536,23.126634735390834,1.1012683207328968
beta_0p20,beta,0.20,0.2,20.0,1.0,10.0,Transformer,seed_2,444.9292865423964,0.0687904460580171,0.00015463374847093586,0.13912543525314935,0.005773097666678237,1.400230864757623,2.8488379765826393,1.6966032931834505,23.09474110624531,1.0997495764878717
beta_0p20,beta,0.20,0.2,20.0,1.0,10.0,Neural-PMP [3],best,445.57442515119664,0.7139290548582267,0.0016048380584991694,18.593218363149912,0.04745254289322612,0.0,3.0,1.6647398843930636,25.009014662500416,1.1909054601190674
beta_0p20,beta,0.20,0.2,20.0,1.0,10.0,constant u=1.5,constant,460.36342568876285,15.502929592424437,0.03484896889803204,208.63021069772802,0.22338242221845697,1.5,1.5,1.5,40.442006458141925,1.9258098313400918
gamma_10,gamma,10,0.1,10.0,1.0,10.0,direct reference,direct_n400,230.38482862554915,0.0,0.0,1.435348545333909,0.025418490863915427,0.0,3.0,1.7622246523980627,12.572716517839963,0.5987007865638078
gamma_10,gamma,10,0.1,10.0,1.0,10.0,Transformer,seed_0,230.49399182265375,0.10916319710460698,0.0004738297992791551,0.07107664606018603,0.008452375748588037,1.4523299653554063,2.8386706142587355,1.7755270145363617,12.554513202374778,0.5978339620178466
gamma_10,gamma,10,0.1,10.0,1.0,10.0,Transformer,seed_1,230.47246189620296,0.08763327065381077,0.0003803777843212201,0.09095094759421825,0.009584411553568284,1.4354363724571766,2.8468855865340688,1.7739557486247863,12.562440589667636,0.5982114566508399
gamma_10,gamma,10,0.1,10.0,1.0,10.0,Transformer,seed_2,230.48994993735326,0.10512131180411188,0.0004562857390881759,0.0938462402033354,0.009766921498989367,1.451594730336537,2.8339745212363745,1.773642570964997,12.559558229740407,0.5980742014162098
gamma_10,gamma,10,0.1,10.0,1.0,10.0,Neural-PMP [3],best,230.77220829136283,0.38737966581368255,0.0016814460749205835,5.5025048576908455,0.04928174785812773,0.0,3.0,1.7397281674738323,13.591381747323249,0.6472086546344404
gamma_10,gamma,10,0.1,10.0,1.0,10.0,constant u=1.5,constant,250.40271607345238,20.017887447903234,0.08688891350757638,296.4416195493107,0.4943203738166103,1.5,1.5,1.5,40.442006458141925,1.9258098313400918
gamma_40,gamma,40,0.1,40.0,1.0,10.0,direct reference,direct_n400,614.914951085634,0.0,0.0,17.448827977680242,0.02528841051199917,0.0,3.0,0.929854710201531,51.38644754152442,2.4469736924535437
gamma_40,gamma,40,0.1,40.0,1.0,10.0,Transformer,seed_0,615.0186497390306,0.10369865339657736,0.0001686390178243299,2.9952629334929957,0.0098661922556887,0.5890522889976559,2.704020761586979,0.9423333318417184,53.68230792174165,2.556300377225793
gamma_40,gamma,40,0.1,40.0,1.0,10.0,Transformer,seed_1,615.0550478912211,0.1400968055870635,0.00022783119086586197,2.679117034577432,0.009554664047976528,0.6252374629470328,2.685055404569994,0.9430954552328371,53.43066670131712,2.544317461967482
gamma_40,gamma,40,0.1,40.0,1.0,10.0,Transformer,seed_2,615.0553509107489,0.14039982511485505,0.00022832397369258715,2.8393361673429496,0.010371667304029523,0.6095593114555734,2.68217453673155,0.9417155282571177,53.34804430460151,2.5403830621238814
gamma_40,gamma,40,0.1,40.0,1.0,10.0,Neural-PMP [3],best,615.173910621256,0.25895953562201157,0.00042113065419017276,18.697470214772785,0.02746487260662405,0.0,3.0,0.929854710201531,51.04196434091677,2.430569730519846
gamma_40,gamma,40,0.1,40.0,1.0,10.0,constant u=1.5,constant,700.4027160734524,85.48776498781842,0.139023721633194,986.7766102444185,0.2514199065458412,1.5,1.5,1.5,40.442006458141925,1.9258098313400918
alpha_0p5,alpha,0.5,0.1,20.0,0.5,10.0,direct reference,direct_n400,370.51293772708243,0.0,0.0,3.335432719354778,0.022809382173599554,0.0,3.0,1.2748008123730667,46.42656660461286,2.2107888859339457
alpha_0p5,alpha,0.5,0.1,20.0,0.5,10.0,Transformer,seed_0,370.47231699148597,-0.04062073559646251,-0.00010963378457349142,0.14920444779856298,0.005169825418132446,1.0439922320196922,2.3672995891069903,1.287168323074066,47.2700461323312,2.2509545777300572
alpha_0p5,alpha,0.5,0.1,20.0,0.5,10.0,Transformer,seed_1,370.5090828765489,-0.003854850533514309,-1.0404091574134876e-05,0.22506894183308876,0.007040414739792893,1.0168252970883005,2.3100804926615224,1.2855238405866556,47.408425731466345,2.2575440824507784
alpha_0p5,alpha,0.5,0.1,20.0,0.5,10.0,Transformer,seed_2,370.46565156972395,-0.04728615735848507,-0.00012762349851684702,0.17442474018099968,0.005747537892122673,1.045437634025527,2.3783835569147667,1.2866088077510138,47.42759970901065,2.258457129000507
alpha_0p5,alpha,0.5,0.1,20.0,0.5,10.0,Neural-PMP [3],best,371.01306203391994,0.5001243068375061,0.0013498160412576286,13.948372436531997,0.04634307380239755,0.0,3.0,1.259803155756913,49.03523395231332,2.3350111405863485
alpha_0p5,alpha,0.5,0.1,20.0,0.5,10.0,constant u=1.5,constant,380.1817128443815,9.668775117299049,0.026095647770391712,76.11655521241597,0.13834617004044747,1.5,1.5,1.5,40.442006458141925,1.9258098313400918
alpha_2,alpha,2,0.1,20.0,2.0,10.0,direct reference,direct_n400,404.4058586095275,0.0,0.0,4.556180839357383,0.02459046284297918,0.0,3.0,1.4472738634588345,14.23687383728458,0.6779463732040276
alpha_2,alpha,2,0.1,20.0,2.0,10.0,Transformer,seed_0,404.5906193645932,0.18476075506566758,0.00045686963018026436,0.9124121855607545,0.013559196057047737,1.0310578237757848,2.8622770438395873,1.4543963750436533,14.784350026413616,0.7040166679244579
alpha_2,alpha,2,0.1,20.0,2.0,10.0,Transformer,seed_1,404.63611437702264,0.2302557674951231,0.0005693680311329146,0.8942556006435677,0.013307849565547014,1.0054462501500256,2.85176700464796,1.454860178699875,14.821833975054302,0.7058016178597286
alpha_2,alpha,2,0.1,20.0,2.0,10.0,Transformer,seed_2,404.5718788064384,0.16602019691089254,0.000410528664153682,0.946608971404801,0.01370521492204609,1.0296062534061008,2.8663294274925266,1.4541097204281241,14.785142288530956,0.7040543946919503
alpha_2,alpha,2,0.1,20.0,2.0,10.0,Neural-PMP [3],best,405.4048731689956,0.9990145594680939,0.002470326624107308,27.200394652443855,0.06072161027537013,0.0,3.0,1.4097797219184502,16.012984862890093,0.762523088709052
alpha_2,alpha,2,0.1,20.0,2.0,10.0,constant u=1.5,constant,440.84472253159436,36.438863922066844,0.09010468851107856,777.621971056981,0.2951940124645903,1.5,1.5,1.5,40.442006458141925,1.9258098313400918
n0_5,N0,5,0.1,20.0,1.0,5.0,direct reference,direct_n400,371.11844003018587,0.0,0.0,2.9835183163563035,0.018894772854171453,0.0,3.0,1.2972972972972974,25.578388276907592,1.218018489376552
n0_5,N0,5,0.1,20.0,1.0,5.0,Transformer,seed_0,371.20549783287964,0.08705780269377783,0.0002345822608186662,0.373921723172158,0.007717992955140572,1.0589528662879182,2.634276094653731,1.3079175468820874,26.25323835795093,1.2501542075214729
n0_5,N0,5,0.1,20.0,1.0,5.0,Transformer,seed_1,371.1646195521528,0.04617952196696251,0.00012443338025242362,0.5390685513647308,0.00920935438974619,1.0404684920276113,2.6738532066255196,1.3050683993648227,26.513665366502376,1.2625554936429704
n0_5,N0,5,0.1,20.0,1.0,5.0,Transformer,seed_2,371.1324515130047,0.014011482818830245,3.775474702278482e-05,0.5044997461084746,0.00903099054220812,0.9722189057086021,2.6979689146288557,1.3048746649756022,26.47279642458327,1.2606093535515843
n0_5,N0,5,0.1,20.0,1.0,5.0,Neural-PMP [3],best,371.93334846718125,0.8149084369953812,0.002195817693481079,27.43439770933045,0.061021175828562146,0.0,3.0,1.259803155756913,28.225497639326885,1.344071316158423
n0_5,N0,5,0.1,20.0,1.0,5.0,constant u=1.5,constant,386.45501371046817,15.3365736802823,0.04132528062748598,86.60308565043584,0.1340843362642445,1.5,1.5,1.5,39.595247524703076,1.8854879773668132
n0_20,N0,20,0.1,20.0,1.0,20.0,direct reference,direct_n400,404.83925725016996,0.0,0.0,4.935378258516163,0.024776542826316098,0.0,3.0,1.4097797219184502,26.437339609382903,1.2589209337801381
n0_20,N0,20,0.1,20.0,1.0,20.0,Transformer,seed_0,405.1375031335628,0.29824588339283764,0.0007367019824575366,0.833670833764593,0.014355000839554311,1.0476455085479246,2.7729447499578495,1.4144760348116094,26.5561291591323,1.2645775790063
n0_20,N0,20,0.1,20.0,1.0,20.0,Transformer,seed_1,405.1830052355662,0.3437479853962486,0.0008490974608814408,0.8932618586870675,0.01481776162765682,1.0472803476286345,2.7508734750812582,1.4139605793514483,26.616335888957142,1.2674445661408162
n0_20,N0,20,0.1,20.0,1.0,20.0,Transformer,seed_2,405.28138006674914,0.44212281657917174,0.0010920947231803692,0.9197426273082292,0.014923451174072767,1.062518092252794,2.7209536357758477,1.414207418641009,26.724217721737972,1.2725817962732369
n0_20,N0,20,0.1,20.0,1.0,20.0,Neural-PMP [3],best,405.54380414653167,0.7045468963617054,0.0017403126889108229,15.987364374039467,0.046502357472138184,0.0,3.0,1.3947820653022964,27.066966164001403,1.2889031506667334
n0_20,N0,20,0.1,20.0,1.0,20.0,constant u=1.5,constant,420.5950849531962,15.755827703026227,0.03891872495282712,78.24546698394379,0.11373615192113629,1.5,1.5,1.5,41.190267793994835,1.9614413235235635
